James,Butt,New Orleans
Josephine,Darakjy,Brighton
Art,Venere,Bridgeport
Lenna,Paprocki,Anchorage
Donette,Foller,Hamilton
Simona,Morasca,Ashland
Mitsue,Tollner,Chicago
Leota,Dilliard,San Jose
Sage,Wieser,Sioux Falls
Kris,Marrier,Baltimore
Minna,Amigon,Kulpsville
Abel,Maclead,Middle Island
Kiley,Caldarera,Los Angeles
Graciela,Ruta,Chagrin Falls
Cammy,Albares,Laredo
Mattie,Poquette,Phoenix
Meaghan,Garufi,Mc Minnville
Gladys,Rim,Milwaukee
Yuki,Whobrey,Taylor
Fletcher,Flosi,Rockford
Bette,Nicka,Aston
Veronika,Inouye,San Jose
Willard,Kolmetz,Irving
Maryann,Royster,Albany
Alisha,Slusarski,Middlesex
Allene,Iturbide,Stevens Point
Chanel,Caudy,Shawnee
Ezekiel,Chui,Easton
Willow,Kusko,New York
Bernardo,Figeroa,Conroe
Ammie,Corrio,Columbus
Francine,Vocelka,Las Cruces
Ernie,Stenseth,Ridgefield Park
Albina,Glick,Dunellen
Alishia,Sergi,New York
Solange,Shinko,Metairie
Jose,Stockham,New York
Rozella,Ostrosky,Camarillo
Valentine,Gillian,San Antonio
Kati,Rulapaugh,Abilene
Youlanda,Schemmer,Prineville
Dyan,Oldroyd,Overland Park
Roxane,Campain,Fairbanks
Lavera,Perin,Miami
Erick,Ferencz,Fairbanks
Fatima,Saylors,Hopkins
Jina,Briddick,Boston
Kanisha,Waycott,Los Angeles
Emerson,Bowley,Madison
Blair,Malet,Philadelphia
Brock,Bolognia,New York
Lorrie,Nestle,Tullahoma
Sabra,Uyetake,Columbia
Marjory,Mastella,Wayne
Karl,Klonowski,Flemington
Tonette,Wenner,Westbury
Amber,Monarrez,Jenkintown
Shenika,Seewald,Van Nuys
Delmy,Ahle,Providence
Deeanna,Juhas,Huntingdon Valley
Blondell,Pugh,Providence
Jamal,Vanausdal,Monroe Township
Cecily,Hollack,Austin
Carmelina,Lindall,Littleton
Maurine,Yglesias,Milwaukee
Tawna,Buvens,New York
Penney,Weight,Anchorage
Elly,Morocco,Erie
Ilene,Eroman,Glen Burnie
Vallie,Mondella,Boise
Kallie,Blackwood,San Francisco
Johnetta,Abdallah,Chapel Hill
Bobbye,Rhym,San Carlos
Micaela,Rhymes,Concord
Tamar,Hoogland,London
Moon,Parlato,Wellsville
Laurel,Reitler,Baltimore
Delisa,Crupi,Newark
Viva,Toelkes,Chicago
Elza,Lipke,Newark
Devorah,Chickering,Clovis
Timothy,Mulqueen,Staten Island
Arlette,Honeywell,Jacksonville
Dominque,Dickerson,Hayward
Lettie,Isenhower,Beachwood
Myra,Munns,Euless
Stephaine,Barfield,Gardena
Lai,Gato,Evanston
Stephen,Emigh,Akron
Tyra,Shields,Philadelphia
Tammara,Wardrip,Burlingame
Cory,Gibes,San Gabriel
Danica,Bruschke,Waco
Wilda,Giguere,Anchorage
Elvera,Benimadho,San Jose
Carma,Vanheusen,San Leandro
Malinda,Hochard,Indianapolis
Natalie,Fern,Rock Springs
Lisha,Centini,Mc Lean
Arlene,Klusman,New Orleans
Alease,Buemi,Boulder
Louisa,Cronauer,San Leandro
Angella,Cetta,Honolulu
Cyndy,Goldammer,Burnsville
Rosio,Cork,High Point
Celeste,Korando,Lynbrook
Twana,Felger,Portland
Estrella,Samu,Beloit
Donte,Kines,Worcester
Tiffiny,Steffensmeier,Miami
Edna,Miceli,Erie
Sue,Kownacki,Mesquite
Jesusa,Shin,Tullahoma
Rolland,Francescon,Paterson
Pamella,Schmierer,Homestead
Glory,Kulzer,Owings Mills
Shawna,Palaspas,Thousand Oaks
Brandon,Callaro,Honolulu
Scarlet,Cartan,Albany
Oretha,Menter,Boston
Ty,Smith,Hackensack
Xuan,Rochin,San Mateo
Lindsey,Dilello,Ontario
Devora,Perez,Oakland
Herman,Demesa,Troy
Rory,Papasergi,Clarks Summit
Talia,Riopelle,Orange
Van,Shire,Pittstown
Lucina,Lary,Cocoa
Bok,Isaacs,Bronx
Rolande,Spickerman,Pearl City
Howard,Paulas,Denver
Kimbery,Madarang,Rockaway
Thurman,Manno,Absecon
Becky,Mirafuentes,Plainfield
Beatriz,Corrington,Middleboro
Marti,Maybury,Chicago
Nieves,Gotter,Portland
Leatha,Hagele,Dallas
Valentin,Klimek,Chicago
Melissa,Wiklund,Findlay
Sheridan,Zane,Riverside
Bulah,Padilla,Waco
Audra,Kohnert,Nashville
Daren,Weirather,Milwaukee
Fernanda,Jillson,Preston
Gearldine,Gellinger,Irving
Chau,Kitzman,Beverly Hills
Theola,Frey,Massapequa
Cheryl,Haroldson,Atlantic City
Laticia,Merced,Cincinnati
Carissa,Batman,Eugene
Lezlie,Craghead,Smithfield
Ozell,Shealy,New York
Arminda,Parvis,Phoenix
Reita,Leto,Indianapolis
Yolando,Luczki,Syracuse
Lizette,Stem,Cherry Hill
Gregoria,Pawlowicz,Garden City
Carin,Deleo,Little Rock
Chantell,Maynerich,Saint Paul
Dierdre,Yum,Philadelphia
Larae,Gudroe,Houma
Latrice,Tolfree,Ronkonkoma
Kerry,Theodorov,Sacramento
Dorthy,Hidvegi,Boise
Fannie,Lungren,Round Rock
Evangelina,Radde,Philadelphia
Novella,Degroot,Hilo
Clay,Hoa,Reno
Jennifer,Fallick,Wheeling
Irma,Wolfgramm,Randolph
Eun,Coody,Spartanburg
Sylvia,Cousey,Hampstead
Nana,Wrinkles,Mount Vernon
Layla,Springe,New York
Joesph,Degonia,Berkeley
Annabelle,Boord,Concord
Stephaine,Vinning,San Francisco
Nelida,Sawchuk,Paramus
Marguerita,Hiatt,Oakley
Carmela,Cookey,Chicago
Junita,Brideau,Cedar Grove
Claribel,Varriano,Perrysburg
Benton,Skursky,Gardena
Hillary,Skulski,Homosassa
Merilyn,Bayless,Santa Clara
Teri,Ennaco,Hazleton
Merlyn,Lawler,Jersey City
Georgene,Montezuma,San Ramon
Jettie,Mconnell,Bridgewater
Lemuel,Latzke,Bohemia
Melodie,Knipp,Thousand Oaks
Candida,Corbley,Somerville
Karan,Karpin,Beaverton
Andra,Scheyer,Salem
Felicidad,Poullion,Riverton
Belen,Strassner,Douglasville
Gracia,Melnyk,Jacksonville
Jolanda,Hanafan,Bangor
Barrett,Toyama,Kennedale
Helga,Fredicks,Buffalo
Ashlyn,Pinilla,Opa Locka
Fausto,Agramonte,New York
Ronny,Caiafa,Philadelphia
Marge,Limmel,Crestview
Norah,Waymire,San Francisco
Aliza,Baltimore,San Jose
Mozell,Pelkowski,South San Francisco
Viola,Bitsuie,Northridge
Franklyn,Emard,Philadelphia
Willodean,Konopacki,Lafayette
Beckie,Silvestrini,Dearborn
Rebecka,Gesick,Austin
Frederica,Blunk,Dallas
Glen,Bartolet,Vashon
Freeman,Gochal,Coatesville
Vincent,Meinerding,Philadelphia
Rima,Bevelacqua,Gardena
Glendora,Sarbacher,Rohnert Park
Avery,Steier,Orlando
Cristy,Lother,Escondido
Nicolette,Brossart,Westborough
Tracey,Modzelewski,Conroe
Virgina,Tegarden,Milwaukee
Tiera,Frankel,El Monte
Alaine,Bergesen,Yonkers
Earleen,Mai,Dallas
Leonida,Gobern,Biloxi
Ressie,Auffrey,Miami
Justine,Mugnolo,New York
Eladia,Saulter,Ramsey
Chaya,Malvin,Ann Arbor
Gwenn,Suffield,Deer Park
Salena,Karpel,Canton
Yoko,Fishburne,New Haven
Taryn,Moyd,Fairfax
Katina,Polidori,Wilmington
Rickie,Plumer,Toledo
Alex,Loader,Tacoma
Lashon,Vizarro,Roseville
Lauran,Burnard,Riverton
Ceola,Setter,Warren
My,Rantanen,Richboro
Lorrine,Worlds,Tampa
Peggie,Sturiale,El Cajon
Marvel,Raymo,College Station
Daron,Dinos,Highland Park
An,Fritz,Atlantic City
Portia,Stimmel,Bridgewater
Rhea,Aredondo,Brooklyn
Benedict,Sama,Saint Louis
Alyce,Arias,Stockton
Heike,Berganza,Little Falls
Carey,Dopico,Indianapolis
Dottie,Hellickson,Seattle
Deandrea,Hughey,Burlington
Kimberlie,Duenas,Hays
Martina,Staback,Orlando
Skye,Fillingim,Minneapolis
Jade,Farrar,Columbia
Charlene,Hamilton,Santa Rosa
Geoffrey,Acey,Palatine
Stevie,Westerbeck,Costa Mesa
Pamella,Fortino,Denver
Harrison,Haufler,New Haven
Johnna,Engelberg,Bothell
Buddy,Cloney,Strongsville
Dalene,Riden,Plaistow
Jerry,Zurcher,Satellite Beach
Haydee,Denooyer,New York
Joseph,Cryer,Huntington Beach
Deonna,Kippley,Southfield
Raymon,Calvaresi,Indianapolis
Alecia,Bubash,Wichita Falls
Ma,Layous,North Haven
Detra,Coyier,Aberdeen
Terrilyn,Rodeigues,New Orleans
Salome,Lacovara,Richmond
Garry,Keetch,Southampton
Matthew,Neither,Shakopee
Theodora,Restrepo,Miami
Noah,Kalafatis,Milwaukee
Carmen,Sweigard,Somerset
Lavonda,Hengel,Fargo
Junita,Stoltzman,Carson City
Herminia,Nicolozakes,Scottsdale
Casie,Good,Nashville
Reena,Maisto,Salisbury
Mirta,Mallett,New York
Cathrine,Pontoriero,Amarillo
Filiberto,Tawil,Los Angeles
Raul,Upthegrove,La Mesa
Sarah,Candlish,Atlanta
Lucy,Treston,Worcester
Judy,Aquas,Niles
Yvonne,Tjepkema,Fairfield
Kayleigh,Lace,Lafayette
Felix,Hirpara,Denver
Tresa,Sweely,Valley Park
Kristeen,Turinetti,Arlington
Jenelle,Regusters,Tampa
Renea,Monterrubio,Atlanta
Olive,Matuszak,Cathedral City
Ligia,Reiber,Lansing
Christiane,Eschberger,Phoenix
Goldie,Schirpke,Bangor
Loreta,Timenez,Clinton
Fabiola,Hauenstein,York
Amie,Perigo,Mesquite
Raina,Brachle,Butte
Erinn,Canlas,Livingston
Cherry,Lietz,Waterford
Kattie,Vonasek,Cleveland
Lilli,Scriven,Abilene
Whitley,Tomasulo,Fort Worth
Barbra,Adkin,Brooklyn
Hermila,Thyberg,Providence
Jesusita,Flister,Lancaster
Caitlin,Julia,Johnston
Roosevelt,Hoffis,Hialeah
Helaine,Halter,Jersey City
Lorean,Martabano,San Antonio
France,Buzick,Brooklyn
Justine,Ferrario,Pomona
Adelina,Nabours,Cleveland
Derick,Dhamer,New York
Jerry,Dallen,Richmond
Leota,Ragel,Trion
Jutta,Amyot,Broussard
Aja,Gehrett,Nutley
Kirk,Herritt,Vestal
Leonora,Mauson,Passaic
Winfred,Brucato,Moscow
Tarra,Nachor,San Francisco
Corinne,Loder,North Attleboro
Dulce,Labreche,Rochester
Kate,Keneipp,Green Bay
Kaitlyn,Ogg,Baltimore
Sherita,Saras,Colorado Springs
Lashawnda,Stuer,Toledo
Ernest,Syrop,Hyattsville
Nobuko,Halsey,New Bedford
Lavonna,Wolny,Mc Lean
Lashaunda,Lizama,Hanover
Mariann,Bilden,Austin
Helene,Rodenberger,Peoria
Roselle,Estell,Bucyrus
Samira,Heintzman,Kent
Margart,Meisel,Cincinnati
Kristofer,Bennick,Bloomington
Weldon,Acuff,Arlington Heights
Shalon,Shadrick,Brooklyn
Denise,Patak,Orlando
Louvenia,Beech,Beverly Hills
Audry,Yaw,Brandon
Kristel,Ehmann,El Paso
Vincenza,Zepp,El Cajon
Elouise,Gwalthney,Bladensburg
Venita,Maillard,Anaheim
Kasandra,Semidey,Saint Louis
Xochitl,Discipio,Round Rock
Maile,Linahan,Greensboro
Krissy,Rauser,Coram
Pete,Dubaldi,Lyndhurst
Linn,Paa,Memphis
Paris,Wide,Atlanta
Wynell,Dorshorst,Pacifica
Quentin,Birkner,Burnsville
Regenia,Kannady,Scottsdale
Sheron,Louissant,Long Island City
Izetta,Funnell,Atlanta
Rodolfo,Butzen,Northfield
Zona,Colla,Norwalk
Serina,Zagen,Fort Wayne
Paz,Sahagun,Meridian
Markus,Lukasik,Sterling Heights
Jaclyn,Bachman,Colorado Springs
Cyril,Daufeldt,New York
Gayla,Schnitzler,Hayward
Erick,Nievas,Chicago
Jennie,Drymon,Scranton
Mitsue,Scipione,Oroville
Ciara,Ventura,Port Jervis
Galen,Cantres,Brook Park
Truman,Feichtner,Bloomfield
Gail,Kitty,Anchorage
Dalene,Schoeneck,Philadelphia
Gertude,Witten,Cincinnati
Lizbeth,Kohl,Gardena
Glenn,Berray,Des Moines
Lashandra,Klang,King of Prussia
Lenna,Newville,Raleigh
Laurel,Pagliuca,Richland
Mireya,Frerking,Pelham
Annelle,Tagala,Parkville
Dean,Ketelsen,Hicksville
Levi,Munis,Worcester
Sylvie,Ryser,Tulsa
Sharee,Maile,Muskegon
Cordelia,Storment,Lafayette
Mollie,Mcdoniel,Bowling Green
Brett,Mccullan,La Mesa
Teddy,Pedrozo,Bridgeport
Tasia,Andreason,Kearny
Hubert,Walthall,Barberton
Arthur,Farrow,Englewood
Vilma,Berlanga,Grand Rapids
Billye,Miro,Pearl
Glenna,Slayton,Memphis
Mitzie,Hudnall,Englewood
Bernardine,Rodefer,Memphis
Staci,Schmaltz,Pasadena
Nichelle,Meteer,Chicago
Janine,Rhoden,Astoria
Ettie,Hoopengardner,Richland
Eden,Jayson,Baltimore
Lynelle,Auber,Newark
Merissa,Tomblin,Bellflower
Golda,Kaniecki,Toms River
Catarina,Gleich,Denville
Virgie,Kiel,Denver
Jolene,Ostolaza,Newport News
Keneth,Borgman,Phoenix
Rikki,Nayar,Miami
Elke,Sengbusch,Phoenix
Hoa,Sarao,Oak Hill
Trinidad,Mcrae,San Francisco
Mari,Lueckenbach,San Diego
Selma,Husser,Jersey City
Antione,Onofrio,San Bernardino
Luisa,Jurney,Cambridge
Clorinda,Heimann,Escondido
Dick,Wenzinger,Gardena
Ahmed,Angalich,Harrisburg
Iluminada,Ohms,Mesa
Joanna,Leinenbach,Lake Worth
Caprice,Suell,Nashville
Stephane,Myricks,Burlington
Quentin,Swayze,Milan
Annmarie,Castros,Conroe
Shonda,Greenbush,Clifton
Cecil,Lapage,Union City
Jeanice,Claucherty,Miami
Josphine,Villanueva,Moss
Daniel,Perruzza,Santa Ana
Cassi,Wildfong,Rolling Meadows
Britt,Galam,Hatfield
Adell,Lipkin,Whippany
Jacqueline,Rowling,Erie
Lonny,Weglarz,Salt Lake City
Lonna,Diestel,Fayetteville
Cristal,Samara,Los Angeles
Kenneth,Grenet,East Lansing
Elli,Mclaird,Utica
Alline,Jeanty,South Bend
Sharika,Eanes,Orlando
Nu,Mcnease,Harrison
Daniela,Comnick,Trenton
Cecilia,Colaizzo,Madison
Leslie,Threets,Katonah
Nan,Koppinger,Greensboro
Izetta,Dewar,Baltimore
Tegan,Arceo,Monroe Township
Ruthann,Keener,Kerrville
Joni,Breland,Elk Grove Village
Vi,Rentfro,Freehold
Colette,Kardas,Omaha
Malcolm,Tromblay,Annandale
Ryan,Harnos,Plano
Jess,Chaffins,New York
Sharen,Bourbon,Syosset
Nickolas,Juvera,Crystal River
Gary,Nunlee,Fortville
Diane,Devreese,Saint Joseph
Roslyn,Chavous,Jackson
Glory,Schieler,Abilene
Rasheeda,Sayaphon,Saratoga
Alpha,Palaia,Cherry Hill
Refugia,Jacobos,Hayward
Shawnda,Yori,Longwood
Mona,Delasancha,Cheyenne
Gilma,Liukko,Garden City
Janey,Gabisi,Madison
Lili,Paskin,Kearny
Loren,Asar,Old Forge
Dorothy,Chesterfield,San Diego
Gail,Similton,Thousand Palms
Catalina,Tillotson,Margate City
Lawrence,Lorens,Providence
Carlee,Boulter,Abilene
Thaddeus,Ankeny,Roseville
Jovita,Oles,Daytona Beach
Alesia,Hixenbaugh,Washington
Lai,Harabedian,Novato
Brittni,Gillaspie,Boise
Raylene,Kampa,Elkhart
Flo,Bookamer,Alliance
Jani,Biddy,Seattle
Chauncey,Motley,Orlando
